Detak Jantung (BPM),Langkah Kaki,Jam Tidur,Kalori Terbakar
86,500,4.1,1587
83,500,6.3,1672
71,500,5.0,1397
75,500,5.0,1447
74,500,5.2,1347
88,500,6.5,1454
65,500,8.0,1591
113,500,6.9,1536
99,500,6.7,1602
80,500,5.8,1421
67,500,6.6,1427
111,500,6.1,1535
106,500,4.8,1455
99,500,4.7,1645
73,500,5.1,1452
80,500,8.6,1465
65,500,6.0,1557
69,500,6.8,1476
103,500,5.3,1392
98,500,5.5,1405
89,500,4.4,1569
112,500,4.6,1379
89,500,7.3,1655
83,500,6.2,1446
77,500,5.2,1577
115,500,7.0,1452
64,500,4.9,1423
114,500,9.6,1540
107,500,5.3,1620
66,500,5.2,1490
88,500,5.1,1508
109,500,4.4,1596
88,520,4.4,1600
113,549,6.4,1513
115,561,8.0,1472
81,586,7.0,1526
78,603,4.5,1499
115,630,6.0,1550
95,657,4.4,1400
65,667,4.1,1548
62,695,6.5,1449
88,723,6.0,1612
114,739,4.3,1455
108,754,4.1,1457
95,769,9.8,1568
66,788,4.1,1525
72,800,5.7,1752
110,823,5.9,1362
69,843,4.4,1536
73,868,4.6,1639
66,871,5.3,1468
95,876,6.9,1435
115,895,5.9,1440
73,902,6.4,1366
83,923,9.7,1663
92,932,6.9,1495
119,939,5.6,1483
65,957,5.7,1316
84,961,6.3,1385
79,986,6.5,1676
109,1014,5.9,1561
83,1028,6.4,1647
65,1046,4.0,1635
92,1072,5.6,1432
102,1081,5.0,1775
60,1107,4.4,1728
109,1128,4.3,1477
69,1130,6.3,1177
87,1150,6.0,1499
80,1178,4.9,1559
98,1193,5.8,1479
78,1221,5.8,1514
110,1228,4.7,1454
99,1240,6.4,1629
93,1269,6.9,1544
104,1277,7.0,1633
101,1292,6.3,1661
61,1295,5.9,1321
79,1309,4.2,1462
114,1326,5.1,1477
66,1330,4.3,1797
100,1348,9.4,1555
118,1356,4.5,1622
62,1360,4.5,1353
96,1362,8.3,1555
83,1368,9.1,1639
88,1390,6.9,1628
64,1400,4.0,1604
62,1404,4.0,1543
95,1426,5.4,1549
106,1455,4.5,1374
103,1473,4.0,1454
87,1499,5.7,1568
64,1511,9.1,1474
96,1513,5.2,1614
72,1523,6.5,1592
113,1527,6.4,1683
107,1541,4.9,1642
98,1557,6.4,1569
116,1572,4.8,1622
61,1580,4.4,1648
100,1594,6.6,1497
76,1617,4.4,1516
112,1645,9.9,1540
73,1670,4.7,1503
99,1678,6.2,1652
110,1699,5.5,1488
62,1715,4.4,1677
79,1728,4.1,1515
102,1746,6.3,1600
82,1761,7.0,1569
73,1782,7.5,1456
70,1806,5.8,1552
66,1832,6.9,1588
109,1857,6.5,1549
88,1885,6.7,1422
63,1913,5.8,1728
79,1941,6.4,1567
78,1954,7.0,1479
69,1963,5.5,1721
81,1992,7.0,1621
76,2007,6.2,1440
77,2020,4.6,1456
100,2021,4.0,1538
71,2046,5.3,1591
93,2053,6.0,1624
88,2062,7.5,1657
88,2086,4.4,1617
94,2087,7.0,1697
87,2099,7.9,1576
110,2107,4.5,1487
95,2131,7.7,1564
87,2142,9.8,1557
107,2161,6.7,1307
90,2178,7.0,1509
74,2186,9.9,1597
70,2189,6.3,1523
67,2192,5.1,1501
112,2193,7.5,1657
98,2220,6.3,1475
115,2225,6.2,1638
90,2235,4.9,1434
83,2242,6.8,1843
62,2268,4.3,1546
95,2277,8.8,1536
89,2305,5.2,1683
119,2312,4.4,1527
71,2321,5.6,1715
86,2329,4.1,1607
93,2341,6.6,1558
93,2343,8.5,1548
88,2344,7.5,1691
103,2360,4.4,1594
70,2383,4.4,1615
99,2406,7.1,1626
91,2430,8.8,1586
112,2435,5.7,1625
108,2438,5.9,1561
75,2450,5.2,1569
73,2458,8.3,1462
118,2480,6.4,1604
86,2507,5.1,1403
112,2510,5.1,1604
68,2511,8.3,1547
93,2514,4.0,1613
105,2519,5.2,1471
116,2534,6.1,1364
76,2548,4.5,1541
99,2551,4.3,1472
86,2552,7.1,1399
63,2557,8.3,1654
96,2583,7.3,1738
96,2606,8.4,1498
114,2620,6.1,1571
84,2627,7.1,1548
71,2654,5.4,1514
62,2663,6.5,1646
80,2678,9.8,1681
75,2693,4.8,1494
102,2719,5.4,1586
77,2729,5.8,1710
116,2757,4.5,1652
117,2770,4.3,1667
91,2789,7.3,1720
114,2796,9.6,1719
102,2813,5.5,1687
87,2833,4.3,1599
69,2862,4.2,1548
82,2866,8.3,1596
88,2871,5.7,1533
109,2894,5.2,1392
84,2901,5.8,1559
112,2914,5.2,1623
95,2929,5.8,1529
66,2940,7.8,1569
119,2969,6.2,1574
86,2973,6.6,1725
79,2986,5.3,1554
94,2993,6.8,1725
65,3020,6.5,1319
92,3039,4.4,1726
84,3061,6.1,1722
80,3089,4.9,1683
116,3091,7.0,1392
86,3101,5.6,1695
70,3114,9.9,1588
82,3139,4.3,1341
113,3160,6.9,1725
68,3166,6.5,1739
70,3194,6.9,1405
60,3222,5.1,1614
60,3234,5.8,1736
107,3246,7.0,1720
99,3266,4.8,1682
77,3277,4.8,1334
97,3303,6.1,1672
79,3326,6.0,1578
116,3354,5.0,1700
117,3379,5.1,1627
79,3386,5.0,1600
109,3387,6.9,1666
102,3388,6.4,1584
75,3413,7.4,1600
71,3440,9.6,1548
82,3465,5.8,1443
103,3485,4.2,1661
117,3498,4.1,1524
102,3507,5.1,1585
109,3510,8.9,1634
90,3517,6.0,1397
107,3523,5.0,1420
103,3531,5.5,1576
78,3558,6.2,1652
87,3567,6.4,1681
105,3572,4.5,1448
62,3573,9.6,1671
105,3592,6.0,1583
68,3602,4.5,1520
85,3614,8.3,1544
105,3638,4.2,1689
72,3653,8.5,1637
72,3680,9.9,1615
80,3702,6.6,1635
112,3726,6.9,1705
60,3735,5.2,1602
112,3755,9.1,1618
67,3772,6.0,1727
119,3789,6.8,1581
116,3815,8.8,1676
84,3835,9.6,1565
85,3847,7.4,1574
84,3854,5.1,1605
92,3856,9.4,1667
64,3859,6.4,1735
61,3876,8.9,1626
62,3881,6.5,1466
82,3898,5.1,1680
73,3922,5.4,1863
91,3939,6.1,1629
119,3966,7.0,1448
79,3983,5.2,1636
88,3985,6.2,1619
80,3987,5.3,1611
108,4015,7.1,1715
112,4037,5.7,1759
110,4060,4.2,1690
118,4065,4.6,1609
61,4066,4.2,1735
107,4067,5.9,1473
101,4086,4.4,1551
71,4088,4.4,1562
116,4109,9.0,1620
67,4121,8.0,1674
95,4147,5.7,1604
71,4153,9.7,1534
81,4176,4.0,1723
98,4180,6.3,1602
88,4203,6.3,1636
81,4214,5.7,1682
76,4238,5.5,1631
107,4265,5.7,1632
67,4282,5.5,1732
81,4288,6.7,1644
112,4312,4.5,1716
108,4317,4.7,1684
80,4337,4.6,1832
102,4339,5.0,1671
106,4345,6.0,1694
111,4367,4.4,1741
87,4378,7.9,1638
70,4394,5.1,1568
72,4410,4.6,1585
74,4411,6.5,1586
89,4420,4.1,1538
61,4448,6.3,1665
92,4475,6.6,1571
78,4481,4.8,1654
74,4497,4.1,1619
110,4526,5.3,1632
83,4529,4.3,1691
64,4549,4.4,1582
107,4577,4.9,1701
62,4604,5.1,1795
99,4608,6.0,1673
103,4627,6.5,1561
77,4653,6.2,1578
106,4656,4.5,1615
85,4675,4.6,1581
83,4695,8.1,1542
62,4702,6.1,1657
74,4722,8.0,1620
114,4731,5.4,1661
79,4732,6.3,1761
87,4740,6.0,1619
86,4747,5.2,1524
89,4765,5.7,1603
63,4773,5.9,1720
78,4774,4.7,1711
99,4785,5.2,1695
70,4813,7.0,1582
70,4838,8.7,1720
60,4863,5.3,1744
81,4881,5.1,1577
111,4904,4.7,1643
62,4914,6.5,1849
69,4917,5.2,1574
75,4924,9.8,1477
99,4952,5.2,1787
93,4968,5.5,1763
80,4994,6.3,1604
101,5010,7.0,1639
90,5035,5.7,1529
112,5055,5.6,1661
106,5083,9.9,1769
72,5100,4.0,1599
73,5102,8.3,1741
66,5103,4.5,1699
76,5119,7.0,1711
119,5131,6.3,1605
80,5136,5.3,1619
71,5141,8.0,1470
102,5168,4.0,1598
87,5191,4.8,1772
67,5200,6.1,1563
79,5209,5.3,1578
80,5212,6.3,1720
101,5231,4.0,1697
61,5247,4.4,1726
73,5263,4.4,1542
85,5266,4.7,1914
73,5286,5.7,1537
92,5310,6.8,1675
84,5332,8.5,1644
78,5356,7.4,1542
116,5357,4.7,1624
92,5381,5.6,1664
66,5401,4.7,1597
88,5412,5.0,1756
103,5429,5.9,1647
98,5437,4.2,1529
68,5441,4.8,1521
117,5447,9.0,1724
82,5455,5.7,1515
67,5475,5.7,1696
69,5478,4.0,1709
64,5494,4.9,1565
105,5519,7.9,1755
66,5522,4.6,1494
66,5547,5.5,1696
108,5576,4.0,1663
77,5594,5.8,1656
61,5608,4.0,1550
62,5626,7.2,1575
67,5628,7.3,1831
70,5650,7.0,1791
94,5653,5.0,1744
67,5669,7.5,1764
65,5698,6.0,1756
102,5707,5.4,1639
95,5711,6.3,1676
81,5712,4.0,1524
87,5716,4.5,1663
75,5717,6.8,1790
84,5731,4.9,1606
85,5752,6.2,1775
79,5768,5.4,1682
112,5788,7.7,1535
60,5812,9.2,1564
103,5820,8.2,1767
66,5827,5.0,1730
104,5830,4.7,1685
91,5847,5.8,1648
108,5848,4.0,1696
64,5864,4.0,1764
87,5876,6.1,1824
85,5903,5.9,1829
97,5922,9.9,1715
86,5944,4.7,1661
87,5967,4.9,1694
81,5989,4.4,1732
75,6003,8.7,1732
84,6009,6.9,1811
65,6015,7.2,1892
117,6028,8.5,1660
98,6047,6.0,1897
116,6069,5.7,1799
71,6077,5.2,1672
110,6104,6.2,1833
105,6131,5.7,1852
95,6133,5.7,1638
91,6154,9.0,1858
75,6155,9.7,1792
106,6183,7.0,1922
85,6198,6.8,1644
63,6199,6.6,1651
75,6204,4.6,1483
115,6232,4.2,1744
108,6261,6.6,1725
118,6277,6.7,1632
92,6296,4.1,1681
72,6300,8.8,1558
68,6303,4.3,1809
69,6320,5.0,1641
60,6337,6.5,2000
79,6349,4.6,1673
69,6377,4.2,1615
80,6406,5.2,1651
115,6420,6.9,1551
81,6441,5.5,1741
110,6447,6.4,1651
90,6450,6.2,1807
72,6478,4.0,1667
77,6487,9.8,1833
64,6492,4.1,1771
76,6516,9.5,1698
95,6545,6.1,1854
63,6562,9.4,1792
70,6576,4.4,1992
79,6597,5.8,1657
118,6600,4.6,1706
103,6628,4.1,1856
100,6629,6.3,1545
65,6649,4.7,1831
103,6678,6.2,1744
103,6699,4.4,1612
90,6722,5.2,1565
119,6723,6.9,1634
76,6726,5.6,1473
115,6744,6.4,1653
113,6769,6.4,1765
60,6779,7.6,1656
82,6801,5.2,1843
118,6827,6.6,1871
65,6830,9.4,1832
87,6838,6.7,1728
118,6852,5.8,1473
87,6876,6.4,1636
69,6894,6.8,1693
89,6909,6.3,1618
70,6931,4.0,1694
85,6954,4.7,1870
63,6956,7.1,1544
90,6983,5.0,1891
85,6993,6.7,1798
100,6995,5.4,1737
92,7021,5.9,1639
87,7038,4.2,1624
96,7046,4.6,1549
67,7047,9.3,1883
89,7056,8.3,1865
68,7067,6.4,1571
114,7089,5.7,1657
63,7105,6.5,1756
81,7112,6.3,1683
97,7141,6.1,1522
82,7151,4.2,1649
64,7174,6.4,1910
87,7200,6.9,1657
93,7203,9.9,1700
97,7221,4.0,1602
78,7246,6.7,1776
88,7270,6.1,1730
82,7283,5.6,1644
95,7311,4.4,1589
89,7337,5.5,1861
86,7344,5.3,1560
72,7369,5.1,1771
60,7373,6.7,1506
68,7386,6.6,1792
65,7406,6.2,1819
82,7407,9.0,1832
90,7415,5.3,1706
70,7429,4.9,1881
115,7445,6.5,1954
60,7459,4.7,1692
102,7471,5.2,1679
91,7490,4.8,1740
78,7513,4.2,1678
62,7528,7.3,1663
92,7556,4.9,1673
79,7558,5.8,1898
115,7560,4.1,1804
87,7583,6.6,1679
115,7605,5.2,1483
71,7624,6.8,1574
99,7649,5.5,1780
91,7675,4.7,1518
100,7704,5.9,1760
70,7726,4.4,1625
94,7752,5.6,1742
84,7778,5.2,1740
100,7800,8.6,1746
76,7817,4.2,1695
111,7837,6.6,1692
64,7847,4.6,1663
105,7853,5.2,1784
109,7868,5.5,1817
106,7890,8.5,1615
85,7901,4.9,1732
81,7929,4.3,1758
119,7934,5.2,1756
71,7935,4.4,1755
87,7943,4.4,1698
95,7964,6.1,1767
97,7992,4.2,1802
70,8004,4.1,1754
94,8016,6.7,1791
106,8021,5.3,1840
62,8028,4.4,1556
113,8032,4.9,1835
61,8038,6.4,1775
77,8051,5.0,1630
60,8071,5.8,1822
63,8086,4.4,1703
113,8089,6.2,1716
77,8112,5.2,1693
81,8120,6.3,1774
70,8140,7.0,1666
89,8156,6.3,1835
89,8169,5.1,1731
78,8187,4.9,1709
76,8215,5.2,1822
111,8225,4.6,1715
79,8244,4.6,1842
84,8261,7.0,1846
74,8285,5.4,1615
104,8304,5.6,1860
79,8332,6.2,1604
85,8358,6.2,1868
72,8381,4.2,1954
119,8407,7.4,1840
74,8412,4.6,1537
102,8438,6.7,1859
81,8459,6.9,1978
70,8482,6.7,1724
104,8491,6.2,1751
76,8503,4.0,1636
109,8524,5.3,1787
113,8525,6.3,1883
109,8551,5.4,1826
61,8577,7.9,2072
104,8578,5.1,1761
80,8593,5.1,1595
110,8595,5.0,1775
92,8617,5.2,1517
107,8633,6.1,1706
84,8658,6.7,1922
86,8666,6.5,1792
67,8679,7.0,1778
103,8700,8.2,1943
80,8701,7.1,1734
85,8717,4.0,1888
103,8746,6.8,1775
89,8753,4.7,1801
70,8758,4.5,1641
89,8780,6.4,1715
80,8809,5.2,1625
83,8832,4.2,1755
61,8835,4.5,1804
70,8847,4.0,1654
74,8873,8.5,1971
98,8889,4.0,1794
60,8908,4.8,1773
80,8913,5.5,1844
114,8935,5.3,1685
65,8960,8.6,1785
85,8989,4.1,1698
103,9003,5.9,1926
115,9031,6.6,1665
101,9036,8.9,1777
99,9051,6.3,1804
106,9068,7.0,1812
82,9082,4.3,1714
105,9102,5.4,1684
60,9107,5.4,1717
114,9119,8.2,1826
82,9135,4.5,1760
87,9161,4.5,1854
72,9187,5.2,1823
100,9203,4.2,1548
63,9224,4.6,1801
110,9231,9.4,2002
107,9235,5.6,1910
70,9236,6.4,1819
105,9241,6.7,1671
103,9264,5.4,1826
92,9290,4.5,1853
78,9300,4.7,1754
73,9322,5.1,1811
71,9327,6.4,1931
75,9331,5.5,1694
112,9333,4.0,1674
63,9353,6.0,1850
107,9363,8.7,1827
77,9389,7.1,1885
86,9408,7.3,1839
104,9434,7.0,1726
111,9435,5.2,1826
77,9459,6.9,1670
83,9464,4.5,1759
80,9477,6.5,1835
60,9481,6.4,1748
74,9497,4.0,2032
82,9521,7.0,1596
80,9537,8.5,1731
99,9560,5.0,1693
79,9562,7.1,1717
84,9579,4.3,1723
81,9607,6.2,1656
100,9634,5.8,1864
109,9654,6.0,1735
86,9678,8.8,1807
104,9690,8.0,1747
74,9708,7.0,1722
87,9711,5.0,1959
77,9739,8.6,1884
80,9740,4.3,1605
99,9741,7.7,1595
111,9770,5.2,1897
66,9789,4.2,1742
92,9800,6.5,1629
89,9805,4.8,1899
65,9817,4.9,1811
70,9820,5.1,1820
75,9821,4.2,1876
68,9822,4.6,1664
72,9830,4.0,1632
73,9840,5.7,1953
76,9851,4.3,1652
101,9863,6.6,1674
88,9892,4.9,1695
118,9905,9.1,2005
80,9917,8.0,1847
101,9931,5.1,1894
110,9933,6.9,1818
95,9962,7.0,1739
80,9981,9.7,1863
101,9999,6.2,1644
70,10002,4.3,1691
76,10025,6.4,1874
87,10042,6.3,1666
88,10068,6.4,1783
61,10076,5.1,1788
115,10105,7.8,1750
97,10131,9.3,1609
84,10141,4.8,1741
114,10167,4.3,1723
81,10169,4.7,1821
118,10188,7.2,1817
85,10197,6.5,1844
65,10204,6.4,1739
102,10208,5.5,1859
95,10234,6.2,1651
102,10255,5.1,1625
116,10273,5.8,1575
103,10286,7.0,1759
90,10297,9.7,1734
109,10326,8.9,1889
95,10350,8.9,1746
80,10354,5.5,1838
111,10379,5.7,1893
71,10400,6.6,1743
98,10429,8.8,1843
111,10454,4.5,1914
99,10458,5.1,1690
97,10468,4.5,1817
101,10473,6.3,1746
83,10482,5.1,1697
110,10506,5.2,1662
70,10509,4.2,1696
66,10526,5.3,1822
74,10529,7.8,1655
86,10545,4.8,1761
85,10549,6.6,1898
106,10567,6.4,1862
80,10584,7.9,1764
84,10591,4.5,1987
60,10615,9.6,2008
80,10638,6.2,1822
93,10643,9.9,1572
60,10655,8.6,1908
74,10672,4.8,1591
70,10695,4.2,1968
62,10708,4.9,1930
83,10731,6.0,1999
69,10756,4.6,1849
100,10759,4.6,1787
108,10768,5.7,1778
87,10785,4.1,1769
118,10802,4.4,1922
82,10822,5.5,1896
85,10838,4.2,1837
119,10863,5.5,1754
71,10885,5.8,2089
115,10898,5.7,1918
62,10925,7.9,1668
82,10944,6.0,1777
63,10961,5.7,1922
99,10965,5.5,1749
90,10977,7.2,1864
97,11006,8.3,1925
78,11015,7.7,1492
78,11034,6.5,1820
62,11046,4.5,1825
77,11055,5.0,1790
114,11062,4.1,1862
78,11090,8.9,1898
107,11104,6.5,1847
108,11124,6.8,1796
78,11143,5.1,1898
92,11169,7.6,1840
64,11184,4.9,1812
65,11200,4.0,1705
62,11221,5.4,1680
89,11226,6.1,1704
81,11229,5.8,1865
87,11241,7.8,1829
86,11266,4.4,1690
77,11286,6.1,1903
95,11313,5.9,1977
101,11334,5.0,1780
60,11338,7.2,1666
70,11359,6.8,1770
98,11382,6.8,1927
79,11398,8.1,1897
94,11423,6.7,1750
77,11430,4.8,1995
79,11443,6.6,1978
67,11464,5.1,1771
72,11474,4.9,1770
90,11500,4.2,1786
81,11507,6.8,1794
103,11521,6.7,1941
108,11547,4.8,1889
87,11552,6.8,1934
101,11555,8.7,1914
75,11578,4.4,2019
80,11607,4.8,1742
98,11618,6.8,1887
79,11629,5.0,1631
89,11647,6.3,1718
69,11662,4.3,1842
89,11674,5.7,1892
109,11683,6.8,1840
110,11693,6.6,1794
99,11719,7.1,1813
100,11731,8.1,1989
87,11748,6.9,1814
89,11777,6.5,2028
66,11783,4.1,1933
82,11790,6.0,1899
82,11804,4.1,1735
116,11817,7.0,1948
81,11825,5.2,1805
87,11835,6.1,1736
86,11844,5.0,1907
92,11862,6.9,1717
101,11889,8.2,1780
71,11915,5.5,1856
86,11917,7.9,2079
106,11922,5.0,1789
83,11951,6.0,1813
73,11956,7.8,1932
94,11962,5.2,1735
106,11981,9.2,1904
63,11989,4.4,1980
103,12005,4.0,1829
106,12018,8.5,1963
83,12019,4.2,1890
118,12041,9.8,1788
104,12061,9.2,1842
103,12078,4.5,1824
101,12085,6.0,1854
67,12110,4.7,1879
70,12123,5.6,1923
83,12127,4.2,1915
73,12131,4.8,1621
80,12137,5.3,1854
111,12165,5.6,1714
106,12184,9.6,1838
92,12213,7.0,1854
109,12225,6.8,1964
103,12247,6.0,1864
81,12254,7.5,1894
70,12281,5.2,1948
85,12291,6.7,1992
100,12317,9.9,1857
81,12336,5.2,1879
95,12343,6.5,1871
64,12346,7.6,1816
101,12359,8.7,1794
105,12372,6.7,1644
98,12390,5.0,1764
117,12418,5.2,1695
106,12444,4.0,1999
112,12464,6.9,1893
115,12492,4.1,1862
105,12500,7.9,1803
95,12529,4.4,1879
60,12538,4.6,1791
83,12545,5.8,1894
88,12546,6.8,1901
75,12549,4.5,1790
75,12562,5.6,1789
117,12590,5.8,1974
111,12615,4.8,1873
108,12643,4.4,1801
80,12660,7.4,1843
60,12685,5.9,1779
64,12709,4.0,1875
75,12710,7.0,1964
60,12716,9.7,1879
60,12737,6.3,2118
113,12743,5.9,1924
97,12769,8.1,1906
75,12781,9.2,1793
66,12794,6.8,1860
85,12807,5.7,1806
60,12836,6.2,1669
115,12851,6.6,1983
80,12872,4.7,1835
80,12888,5.7,1811
79,12910,7.3,1908
63,12931,6.5,1939
92,12942,5.5,1856
99,12970,6.5,1889
95,12975,4.4,1964
66,12979,5.5,1853
88,12982,7.0,1920
88,13001,4.8,1724
110,13021,4.7,1766
78,13046,9.2,1952
78,13064,4.8,1763
91,13079,4.9,1916
92,13088,9.5,1878
83,13105,6.8,1857
82,13119,6.6,1811
84,13134,7.7,1985
109,13135,4.4,2067
83,13156,6.7,1925
115,13178,5.9,1928
85,13200,7.3,1828
116,13203,5.9,1776
107,13219,6.3,1893
78,13242,5.8,1800
109,13267,5.8,1721
65,13278,6.9,1979
114,13290,6.4,1984
92,13300,6.4,1813
62,13316,5.7,1924
93,13324,6.0,2000
118,13330,6.8,1920
63,13342,7.3,1781
87,13366,6.6,1878
101,13394,8.8,2035
105,13415,7.2,1927
80,13423,6.1,1957
70,13449,6.5,1938
62,13477,8.8,1819
88,13481,6.3,1842
82,13507,7.3,1939
116,13515,6.6,1987
63,13541,6.1,2016
96,13569,4.9,1821
61,13587,5.6,1951
68,13615,9.5,2027
82,13643,6.5,1811
82,13648,6.1,2058
96,13657,8.9,2074
113,13661,6.2,2172
92,13688,6.0,1934
116,13710,6.9,1935
111,13727,6.7,1995
89,13736,4.7,1992
107,13737,5.8,2025
93,13758,5.8,1991
63,13778,5.4,1903
100,13791,5.9,2036
64,13819,5.5,1807
89,13835,4.7,1916
97,13864,5.5,2072
63,13877,4.2,1791
71,13891,6.2,1849
113,13894,7.7,1984
91,13923,6.7,1957
72,13929,5.3,1830
96,13947,4.3,1877
89,13966,4.7,1801
85,13971,6.0,2017
118,13986,4.7,1894
96,14011,6.0,2100
78,14013,4.8,1929
105,14023,7.6,1899
111,14047,5.5,1890
66,14065,4.9,1898
70,14092,7.1,1934
70,14105,5.3,2174
96,14110,4.4,1889
90,14133,6.1,1893
91,14157,6.2,1931
115,14158,6.7,2034
103,14180,4.9,1783
66,14181,5.6,1971
77,14199,5.0,1844
81,14214,4.3,1982
79,14231,8.1,1878
95,14242,6.7,1697
111,14263,5.1,1965
75,14289,6.2,1965
87,14314,4.7,1872
104,14336,8.3,1866
80,14363,4.4,1800
68,14390,4.0,2009
83,14407,5.9,2020
62,14420,6.2,1845
115,14421,6.2,1879
63,14423,4.2,1926
81,14432,5.2,2160
86,14435,5.9,1988
118,14436,4.8,1839
68,14457,8.0,1964
65,14473,4.3,1797
60,14496,5.8,2007
67,14502,6.6,2103
70,14530,5.0,2104
92,14547,6.3,2010
70,14552,7.3,1878
61,14557,4.7,1807
106,14563,8.7,1797
78,14566,6.1,1656
77,14587,5.1,2007
75,14610,5.6,1928
118,14615,5.1,2029
68,14636,6.7,2082
112,14641,7.0,1949
103,14651,7.4,1954
63,14661,9.7,1893
119,14680,7.0,1906
73,14697,6.3,2014
64,14718,5.2,1924
107,14732,6.0,1910
98,14741,4.1,1940
91,14755,6.8,2031
67,14756,5.7,1873
83,14775,4.0,1937
103,14788,4.2,1968
75,14801,5.4,2060
75,14805,6.2,1920
60,14806,5.7,1872
68,14823,6.3,1896
110,14831,5.8,2050
82,14833,6.5,2148
118,14861,4.8,1814
79,14869,4.4,1837
98,14876,6.2,1929
74,14902,5.8,1958
78,14928,4.1,2027
69,14930,5.4,1859
77,14952,4.4,1842
87,14974,6.0,1963
119,14977,5.5,1923
94,15004,6.3,2043
69,15022,7.0,1999
62,15034,5.1,2007
66,15035,9.4,1941
88,15057,6.0,2187
102,15069,6.3,1868
115,15074,6.6,2013
60,15101,6.5,1826
86,15126,5.9,1846
83,15143,5.6,1894
94,15159,4.2,2118
87,15174,4.0,1982
96,15197,5.3,1897
94,15212,5.2,1994
65,15217,5.4,1960
104,15238,4.5,1908
66,15252,6.8,1818
97,15254,7.8,2101
80,15265,9.0,1979
85,15284,5.8,2176
112,15291,6.6,2053
111,15297,7.7,2014
106,15325,5.5,1916
85,15327,5.1,1850
100,15333,9.0,1938
85,15351,5.9,1848
110,15353,5.9,2026
80,15371,4.6,2124
117,15386,4.4,1935
114,15413,7.5,2057
100,15432,6.3,1894
73,15434,5.2,1933
66,15454,4.7,1882
109,15479,6.1,1751
68,15485,6.2,1961
109,15486,4.7,1977
84,15510,7.7,2072
80,15525,4.3,2045
112,15553,5.3,2047
90,15576,6.6,1870
88,15586,5.0,2014
87,15605,7.3,2126
78,15622,6.8,2007
103,15627,7.0,2152
72,15656,4.4,2172
115,15660,4.5,1943
112,15670,5.0,1900
76,15694,5.9,1895
99,15711,6.8,1820
88,15721,7.4,1920
76,15738,6.6,2093
119,15766,8.9,1753
61,15786,6.8,1870
72,15810,5.1,1962
86,15815,5.0,1887
86,15817,6.6,1922
89,15823,4.7,1923
101,15844,4.3,1950
91,15846,6.0,1902
90,15859,7.2,1895
62,15870,4.3,2070
78,15881,7.0,2081
71,15897,7.1,1839
73,15908,5.8,1701
87,15927,4.2,2084
69,15942,4.6,1855
74,15967,6.7,2000
71,15990,6.7,1823
116,16013,8.4,2110
115,16029,6.2,2235
90,16040,4.4,1999
114,16062,4.4,1972
103,16078,6.7,1950
89,16086,4.7,2061
60,16090,5.2,2039
102,16098,5.8,2083
97,16102,4.0,1920
91,16126,4.9,2018
102,16151,5.5,1930
85,16154,5.0,1879
97,16157,4.5,1981
115,16184,6.7,1893
78,16213,7.1,2104
98,16231,4.9,1901
83,16260,6.9,2024
95,16286,5.4,1928
102,16305,5.9,2017
62,16324,7.7,1937
93,16345,6.8,1865
71,16350,7.0,2039
95,16368,4.5,1967
83,16396,4.2,2020
103,16406,8.3,1949
66,16435,5.4,1860
91,16457,5.1,2102
73,16478,6.7,2068
108,16484,7.4,1938
114,16485,7.8,2002
119,16490,5.2,2099
104,16499,7.7,1949
101,16511,4.1,1965
70,16537,4.1,2020
76,16551,6.3,1951
83,16553,4.2,2082
103,16570,5.2,1980
113,16584,6.5,1919
69,16610,5.2,2059
114,16623,4.6,1884
97,16650,5.0,2201
90,16659,5.7,2158
69,16685,5.8,2052
62,16710,6.9,2044
88,16725,6.8,2040
93,16750,5.7,1954
70,16772,7.6,2033
87,16787,4.4,1911
109,16811,4.9,2055
107,16822,7.3,2091
114,16838,5.4,1967
78,16867,9.7,1946
75,16884,5.7,1885
101,16910,7.0,2153
81,16914,5.5,1956
64,16915,5.6,1988
74,16923,5.4,2038
80,16940,6.7,2036
74,16943,6.0,2083
76,16972,9.1,1971
74,16992,4.9,1896
62,17007,4.3,1879
92,17022,5.5,1953
89,17046,6.3,1916
94,17068,7.8,1982
69,17082,5.3,2143
74,17108,6.5,1976
91,17136,5.3,1976
89,17159,6.3,2013
85,17173,8.2,1975
77,17197,4.8,2009
113,17199,5.5,2070
76,17212,9.8,2105
82,17238,7.9,2117
95,17252,6.1,2223
87,17279,5.9,2075
77,17303,5.0,2243
81,17322,5.9,1942
104,17329,7.6,2229
73,17332,6.6,1982
67,17347,5.1,1992
75,17370,4.7,2009
108,17384,5.0,2000
64,17395,4.6,2030
119,17410,4.3,1964
87,17438,5.6,2106
118,17451,4.4,1968
115,17469,4.6,2090
82,17495,6.0,2178
69,17501,4.6,1989
68,17504,4.2,2105
71,17523,5.2,2082
98,17538,4.8,2251
73,17563,5.9,1976
77,17586,4.3,2107
82,17591,6.8,1865
113,17619,8.5,1979
69,17629,6.8,2064
60,17636,6.0,2168
63,17661,7.8,1907
112,17678,6.6,2109
93,17685,4.0,2024
73,17707,5.5,1879
68,17733,7.7,2050
74,17745,5.3,2203
65,17770,4.1,1921
115,17787,6.8,2023
103,17800,7.0,1935
83,17820,4.6,1988
109,17845,6.0,2179
72,17849,4.7,2008
98,17859,6.7,2176
109,17862,5.0,2147
77,17871,5.2,2000
101,17884,7.6,1986
74,17902,5.8,1947
74,17917,6.5,1944
65,17921,5.5,2073
82,17936,5.1,2036
99,17958,6.3,1976
115,17960,4.5,1884
90,17975,5.4,2050
109,17983,4.7,1993
106,17991,6.6,2020
68,18008,9.1,2071
84,18020,9.9,1790
65,18039,5.7,1888
96,18049,4.9,2271
116,18058,5.6,1991
66,18063,7.6,1790
100,18069,4.7,1897
92,18089,9.2,2291
89,18115,5.3,1973
79,18117,9.7,2159
77,18144,7.5,2056
62,18168,7.0,1997
70,18195,5.2,2123
60,18208,4.0,1808
89,18214,5.4,1902
65,18219,5.1,1997
110,18244,4.1,1913
86,18245,5.9,1989
97,18266,5.5,2133
80,18288,6.4,2062
88,18309,6.3,2182
115,18315,4.4,2069
64,18321,9.6,2149
72,18344,4.7,2044
103,18360,5.7,1992
64,18364,5.8,2199
63,18375,7.1,1980
78,18399,4.3,2086
64,18422,5.6,2130
89,18431,6.4,2137
71,18454,4.8,1937
112,18457,6.4,2159
103,18476,8.8,1956
97,18484,9.9,2136
91,18489,4.1,2108
109,18493,4.9,2137
71,18517,5.1,1935
110,18523,5.5,2114
104,18525,4.9,2164
101,18545,4.7,2076
88,18573,9.3,1975
72,18584,8.7,2149
81,18588,4.1,2069
104,18603,5.2,1891
61,18609,5.5,1969
103,18631,4.9,2006
72,18648,6.4,2210
67,18672,6.4,2193
65,18678,7.7,2193
61,18697,6.8,2084
86,18722,6.0,2153
70,18724,6.4,1948
119,18739,5.0,2063
88,18750,6.2,2108
66,18758,5.8,1955
96,18784,4.5,2085
112,18803,4.9,2233
100,18816,5.1,2120
63,18828,8.8,2157
112,18833,4.8,1820
104,18839,5.1,2221
67,18865,5.4,2047
62,18887,6.5,1990
87,18891,4.4,2049
67,18910,9.2,1919
107,18930,7.9,2173
77,18931,6.2,2034
113,18951,6.5,1995
88,18968,4.0,2052
69,18980,5.2,2181
66,18995,7.0,2083
88,18996,4.2,1929
102,19022,5.0,2117
103,19036,6.2,1978
73,19042,4.9,1856
70,19047,8.9,2221
60,19058,4.5,2117
95,19062,7.0,2064
63,19075,5.9,2038
81,19086,6.8,2212
90,19089,5.1,2381
115,19090,5.9,2118
75,19096,7.8,1970
72,19114,5.7,2058
94,19138,5.3,2117
91,19148,6.0,1839
76,19153,6.7,2108
114,19176,5.6,2119
108,19186,9.0,2208
71,19198,5.1,2198
71,19200,5.8,2087
85,19213,6.8,2228
103,19221,6.6,2280
62,19223,7.9,2079
97,19243,9.9,2119
93,19244,5.6,1901
71,19249,4.4,1932
96,19258,4.1,1994
115,19275,6.7,2034
62,19284,8.0,1969
75,19295,4.8,2075
81,19310,4.6,2038
112,19334,4.2,2187
117,19340,7.2,2033
82,19363,5.1,1852
101,19366,5.5,2094
86,19383,5.9,2080
86,19388,7.5,1995
73,19416,6.4,2092
70,19428,6.3,1975
74,19446,4.6,2116
87,19460,5.9,2347
61,19481,6.7,1904
113,19505,9.5,2034
67,19516,4.7,2018
71,19525,4.0,2042
85,19527,4.2,2188
98,19539,5.4,2140
64,19542,7.2,2171
75,19545,4.0,2089
117,19546,5.7,1954
73,19554,5.2,1975
75,19576,4.2,2162
107,19604,5.7,2105
62,19633,4.9,2215
83,19641,5.3,2119
78,19652,6.6,1971
75,19661,5.9,2038
74,19666,4.4,2146
64,19680,9.4,2161
75,19708,6.4,2177
62,19711,6.9,1986
103,19732,4.3,1972
79,19737,4.1,2073
82,19742,4.0,2236
112,19761,4.7,2023
94,19788,5.5,2139
60,19802,9.0,2140
115,19828,5.7,2171
71,19832,5.1,2261
65,19857,6.1,2252
102,19870,4.4,2037
85,19880,6.3,1887
81,19905,6.1,2029
72,19923,7.0,2105
87,19931,9.7,2062
73,19939,4.9,2295
112,19946,5.9,2100
70,19954,8.6,2164
111,19968,7.0,2121
87,19987,5.8,2065
107,20000,9.1,1908
98,20000,4.2,2092
97,20000,8.9,2425
76,20000,4.1,1976
71,20000,6.0,1919
70,20000,8.3,2294
109,20000,5.0,2174
106,20000,5.8,2119
82,20000,5.2,2236
66,20000,9.2,2017
79,20000,7.3,2089
91,20000,6.7,2196
82,20000,6.2,2311
103,20000,7.2,1983
119,20000,5.5,2228
69,20000,5.7,2138
82,20000,6.7,2116
81,20000,5.3,2099
75,20000,4.2,1962
69,20000,4.2,2196
63,20000,4.4,2022
111,20000,8.0,1992
80,20000,5.8,2189
84,20000,6.7,2179
113,20000,5.5,2108
103,20000,4.9,2208
66,20000,5.3,2243
88,20000,7.0,2231
82,20000,6.3,2047
104,20000,9.0,2201
99,20000,6.5,2121
96,20000,6.1,2273
77,20000,6.3,2088
105,20000,9.1,2064
62,20000,7.0,2039
67,20000,4.0,2119
76,20000,6.0,2147
63,20000,6.6,2149
71,20000,6.8,2135
107,20000,4.8,2167
116,20000,7.9,2078
75,20000,9.3,2013
73,20000,4.9,2004
73,20000,8.2,2198
73,20000,4.3,2147
61,20000,4.2,1914
114,20000,4.4,2210
70,20000,4.2,2288
81,20000,7.6,2028
60,20000,4.2,2134
109,20000,5.0,2053
99,20000,4.3,2163
116,20000,5.1,1983
103,20000,4.3,2093
75,20000,6.5,2198
72,20000,4.5,2224
97,20000,7.7,2143
78,20000,7.2,2066
88,20000,4.0,1941
60,20000,8.4,2024
63,20000,4.1,2053
86,20000,4.9,2030
88,20000,4.1,2106
101,20000,5.2,2066
66,20000,5.9,2117
85,20000,7.0,2220
69,20000,5.2,2059
64,20000,6.6,1962
80,20000,4.7,2030
68,20000,6.8,2158
71,20000,4.9,2168
75,20000,4.5,2141
72,20000,4.7,2230
64,20000,4.6,2081
64,20000,5.9,2305
69,20000,7.6,2182
